번호,관리번호,지정일자,해제일자,운영상태,시설명,시설구분,도로명전체주소,소재지전체주소,도로명우편번호,시설위치(지상/지하),시설면적(㎡),최대수용인원,최종수정시점,데이터갱신구분,데이터갱신일자,위도(도),위도(분),위도(초),경도(도),경도(분),경도(초),위도(EPSG4326),경도(EPSG4326),좌표정보X(EPSG5179),좌표정보Y(EPSG5179),시도
17404,5690000-S200000019,2000-01-01,,사용중,세종e편한세상 아파트 지하1층주차장,공공용시설,세종특별자치시 조치원읍 섭골길 59,세종특별자치시 조치원읍 신안리 542번지,30016.0,지하,32094.0,38901,2023-06-21 17:17:56,I,2023-07-28 01:14:45,36,36,55.71,127,17,3.77,36.61556780694872,127.28733897872124,980983.414043,1846433.469294,세종특별자치시
17405,5690000-S200000022,2000-01-01,,사용중,신흥주공2단지아파트 지하1층주차장,공공용시설,세종특별자치시 조치원읍 이화로 5,세종특별자치시 조치원읍 신흥리 393번지,30032.0,지하,3636.0,4407,2023-06-21 17:18:28,I,2023-07-28 01:14:45,36,35,38.6,127,17,23.04,36.594499838704415,127.2886083012038,981091.778177,1844096.231483,세종특별자치시
17406,5690000-S200800001,2020-11-12,,사용중,신흥푸르지오아파트 지하1층주차장,공공용시설,세종특별자치시 조치원읍 도원1로 16(푸르지오1차),세종특별자치시 조치원읍 신흥리 398 푸르지오1차,30032.0,지하,21130.0,25612,2023-08-23 13:42:15,U,2023-08-25 02:40:00,36,35,29.74,127,17,24.07,36.59159396899189,127.29001889030694,981217.24621,1843773.618795,세종특별자치시
17407,5690000-S201100001,2020-11-12,,사용중,자이아파트 지하1층주차장,공공용시설,세종특별자치시 조치원읍 도원로 16(자이아파트),세종특별자치시 조치원읍 죽림리 396 자이아파트,30039.0,지하,17767.0,21535,2023-08-23 13:41:47,U,2023-08-25 02:40:00,36,35,18.62,127,17,25.06,36.58850484946036,127.29029399220988,981241.106439,1843430.902001,세종특별자치시
17408,5690000-S201100003,2011-01-31,,사용중,신동아파밀리에아파트 지하1층주차장,공공용시설,세종특별자치시 조치원읍 도장말길 30 (조치원신동아파밀리에),세종특별자치시 조치원읍 393번지,30037.0,지하,6880.0,8339,2023-06-21 17:19:21,I,2023-07-28 01:14:45,36,35,23.75,127,17,50.67,36.58960207427065,127.29694768955368,981836.559443,1843551.334608,세종특별자치시
17409,5690000-S201200002,2012-12-14,,사용중,첫마을2단지아파트 지하주차장 1층~3층,공공용시설,세종특별자치시 노을1로 16 (한솔동),세종특별자치시 한솔동 946번지,30130.0,지하,21280.0,25793,2023-06-13 16:29:41,I,2023-07-28 01:14:45,36,28,49.01,127,15,38.09,36.4800938955119,127.26049439756078,978545.505086,1831411.663791,세종특별자치시
17410,5690000-S201200005,2012-12-14,,사용중,첫마을5단지아파트 지하주차장 1층,공공용시설,"세종특별자치시 누리로 59 (한솔동, 첫마을5단지)",세종특별자치시 한솔동 1045번지,30130.0,지하,39550.0,47939,2023-06-01 13:38:14,I,2023-07-28 01:14:45,36,28,32.98,127,14,54.09,36.47752952452721,127.24982487785864,977589.007912,1831129.642207,세종특별자치시
17411,5690000-S201200006,2012-12-14,,사용중,첫마을7단지아파트 지하주차장 1층~2층,공공용시설,세종특별자치시 나리로 38 (한솔동),세종특별자치시 한솔동 978번지,30130.0,지하,44970.0,54509,2023-06-13 16:30:16,I,2023-07-28 01:14:45,36,28,27.28,127,15,19.35,36.47424324710431,127.2553750468356,978085.274481,1830763.839639,세종특별자치시
17412,5690000-S201400002,2014-02-24,,사용중,범지기마을8단지아파트 지하주차장 1~2층,공공용시설,"세종특별자치시 달빛로 165 (아름동, 범지기마을8단지)",세종특별자치시 아름동 1279번지,30100.0,지하,23086.0,27983,2025-01-10 10:27:34,U,2025-01-12 02:40:00,36,30,49.52,127,15,0.67,36.51375522758172,127.25018571022213,977631.752148,1835147.863273,세종특별자치시
17413,5690000-S201400004,2014-02-24,,사용중,한뜰마을2단지아파트 어진동 지하주차장1~2층,공공용시설,"세종특별자치시 갈매로 480 (어진동, 한뜰마을2단지)",세종특별자치시 어진동 603번지,30104.0,지하,23074.0,27968,2024-01-24 16:33:18,U,2024-01-26 02:40:00,36,30,19.98,127,16,7.41,36.505549570457234,127.2687252935366,979289.594103,1834233.509191,세종특별자치시
17414,5690000-S201400005,2014-02-24,,사용중,도램마을8단지아파트 지하주차장 1층,공공용시설,세종특별자치시 보듬3로 7 (도담동),세종특별자치시 도담동 848번지,30098.0,지하,8720.0,10569,2024-12-30 17:09:24,U,2025-01-01 02:40:00,36,30,44.04,127,15,31.82,36.512233950378565,127.25883918456594,978406.158717,1834977.141101,세종특별자치시
17415,5690000-S201400006,2014-02-24,,사용중,가재마을 11단지 아파트 지하주차장 1층,공공용시설,세종특별자치시 도움3로 75 (종촌동),세종특별자치시 종촌동 654번지,30064.0,지하,23215.0,28139,2025-01-06 14:00:40,U,2025-01-08 02:40:00,36,30,11.38,127,15,10.95,36.50410022930226,127.2522211883281,977811.252673,1834076.41766,세종특별자치시
17416,5690000-S201400008,2014-05-27,,사용중,도램마을2단지아파트 지하주차장 1층~2층,공공용시설,"세종특별자치시 다솜1로 164-0 (도담동, 도램마을2단지)",세종특별자치시 도담동 685번지,30100.0,지하,12896.0,15631,2024-12-30 17:09:43,U,2025-01-01 02:40:00,36,30,44.97,127,15,20.83,36.51249145702011,127.25578502517902,978132.757418,1835006.394098,세종특별자치시
17417,5690000-S201400011,2014-02-10,,사용중,도담동행정복지센터 지하주차장 1층,공공용시설,"세종특별자치시 보람로 77 (도담동, 도담동복합커뮤니티센터)",세종특별자치시 도담동 645번지,30098.0,지하,1547.0,1875,2024-12-30 17:10:04,U,2025-01-01 02:40:00,36,30,55.46,127,15,42.29,36.5154039444851,127.2618219612913,978674.110489,1835328.106212,세종특별자치시
17418,5690000-S201400013,2014-05-30,,사용중,아름동주민센터 지하주차장 1층,공공용시설,"세종특별자치시 보듬3로 114 (아름동, 아름동주민복합센터)",세종특별자치시 아름동 1286번지,30100.0,지하,1763.0,2136,2025-01-10 14:29:53,U,2025-01-12 02:40:00,36,30,44.47,127,14,48.8,36.512234929515934,127.2470095952638,977346.920787,1834979.967505,세종특별자치시
17419,5690000-S201400014,2014-07-07,,사용중,어진동 복합커뮤니티센터 어진동 지하주차장 1층,공공용시설,"세종특별자치시 다솜1로 31 (어진동, 복합커뮤니티센터,새만금개발청)",세종특별자치시 어진동 518번지,30064.0,지하,463.0,561,2024-01-24 16:35:32,U,2024-01-26 02:40:00,36,30,6.86,127,15,23.82,36.50171909242506,127.256472933268,978191.331956,1833811.320708,세종특별자치시
17420,5690000-S201500001,2015-07-10,,사용중,행복코아(메가박스) 지하1층주차장,공공용시설,세종특별자치시 조치원읍 새내로 122 (메가박스),세종특별자치시 조치원읍 24번지 1호,30024.0,지하,1800.0,2181,2023-06-21 17:19:39,I,2023-07-28 01:14:45,36,36,10.42,127,17,53.97,36.60281826708368,127.29800358790936,981934.093102,1845017.15373,세종특별자치시
17421,5690000-S201600001,2016-06-30,,사용중,한솔동주민센터 지하주차장 1층,공공용시설,세종특별자치시 노을3로 85 (한솔동),세종특별자치시 한솔동 964번지,30130.0,지하,450.0,545,2023-06-01 13:41:17,I,2023-07-28 01:14:45,36,28,45.47,127,15,16.74,36.47921035244467,127.25462717355872,978019.678896,1831314.980026,세종특별자치시
17422,5690000-S201600002,2016-06-30,,사용중,두진리버빌아파트 지하주차장1층,공공용시설,세종특별자치시 금남면 용포2길 70 (금남두진리버빌아파트),세종특별자치시 금남면 용포리 320 금남두진리버빌아파트 지하주차장1층,30083.0,지하,3588.0,4349,2023-11-02 11:11:29,U,2023-11-04 02:40:00,36,27,48.09,127,16,47.32,36.46335798304639,127.2798103176307,980271.55341,1829551.128841,세종특별자치시
17423,5690000-S201600003,2016-06-30,,사용중,도램마을15단지아파트 지하주차장 1층~2층,공공용시설,"세종특별자치시 보듬2로 43 (도담동, 도램마을15단지)",세종특별자치시 도담동 859번지,30098.0,지하,32444.0,39326,2024-12-30 17:09:04,U,2025-01-01 02:40:00,36,30,41.31,127,15,54.8,36.51147607588927,127.26522169644991,978977.452815,1834891.662016,세종특별자치시
17424,5690000-S201600004,2016-06-30,,사용중,푸르지오1차오피스텔 어진동 지하주차장 1~4층,공공용시설,세종특별자치시 갈매로 364 (어진동),세종특별자치시 어진동 656번지,30121.0,지하,18601.0,22546,2024-01-24 16:36:01,U,2024-01-26 02:40:00,36,29,45.61,127,15,50.13,36.49612765105429,127.26362555950868,978830.352813,1833189.499015,세종특별자치시
17425,5690000-S201600005,2016-06-30,,사용중,범지기마을1단지아파트 지하주차장 1~2층,공공용시설,"세종특별자치시 절재로 13 (아름동, 범지기마을1단지)",세종특별자치시 아름동 1339번지,30100.0,지하,29844.0,36174,2025-01-10 10:23:56,U,2025-01-12 02:40:00,36,30,32.94,127,14,34.44,36.50914996292158,127.24290126207065,976978.141143,1834638.743636,세종특별자치시
17426,5690000-S201600006,2016-06-30,,사용중,가락마을3단지아파트 지하주차장 1층,공공용시설,"세종특별자치시 마음안로 47(고운동, 가락마을3단지)",세종특별자치시 고운동 1708 가락마을3단지,30063.0,지하,16368.0,19840,2024-01-23 11:21:20,U,2024-01-25 02:40:00,36,30,24.38,127,14,10.7,36.50677146696439,127.2363054679612,976386.798363,1834376.507393,세종특별자치시
17427,5690000-S201600007,2016-06-30,,사용중,가락마을11단지아파트 지하주차장 1층,공공용시설,"세종특별자치시 마음로 152(고운동, 가락마을11단지)",세종특별자치시 고운동 1409 가락마을11단지,30063.0,지하,29178.0,35367,2024-01-23 11:35:19,U,2024-01-25 02:40:00,36,30,40.03,127,13,47.31,36.51111945157587,127.22980965680304,975806.466221,1834860.417437,세종특별자치시
17428,5690000-S201600008,2016-06-30,,사용중,가락마을17단지아파트 지하주차장 1층,공공용시설,"세종특별자치시 마음안1로 167(고운동, 가락마을17단지)",세종특별자치시 고운동 1386 가락마을17단지,30062.0,지하,22330.0,27066,2024-01-23 11:38:39,U,2024-01-25 02:40:00,36,31,4.97,127,14,6.95,36.518048427438806,127.23526257948596,976296.849033,1835627.654676,세종특별자치시
17429,5690000-S201600009,2016-06-30,,사용중,종촌동주민센터 지하주차장 1층,공공용시설,세종특별자치시 도움3로 125 (종촌동),세종특별자치시 종촌동 677번지,30064.0,지하,2710.0,3284,2025-01-06 13:55:28,U,2025-01-08 02:40:00,36,30,16.8,127,14,48.56,36.504900920691256,127.24688565031414,977333.684416,1834166.476233,세종특별자치시
17430,5690000-S201600010,2016-06-30,,사용중,종촌종합복지센터 지하주차장 1층,공공용시설,세종특별자치시 도움1로 116 (종촌동),세종특별자치시 종촌동 674번지,30064.0,지하,2234.0,2707,2025-01-06 13:55:52,U,2025-01-08 02:40:00,36,30,9.59,127,14,48.57,36.502449878636526,127.24682824295326,977327.828936,1833894.609629,세종특별자치시
17431,5690000-S201600011,2016-06-30,,사용중,세종시청 지하주차장 1층,공공용시설,세종특별자치시 한누리대로 2130 (보람동),세종특별자치시 보람동 626번지 5호,30151.0,지하,4000.0,4848,2024-01-26 09:43:46,U,2024-01-28 02:40:00,36,28,47.72,127,17,20.96,36.47979530387286,127.28895595715352,981094.973154,1831372.583,세종특별자치시
17432,5690000-S201700003,2017-11-29,,사용중,첫마을1단지아파트 지하주차장 1층~2층,공공용시설,"세종특별자치시 노을3로 14 (한솔동, 첫마을1단지)",세종특별자치시 한솔동 939번지,30130.0,지하,41085.0,49800,2023-06-13 16:36:25,I,2023-07-28 01:14:45,36,28,55.42,127,15,29.72,36.48204375658904,127.25939114713658,978447.217687,1831628.196061,세종특별자치시
17433,5690000-S201700004,2017-11-28,,사용중,첫마을3단지아파트 지하주차장 1층~2층,공공용시설,"세종특별자치시 나리1로 15 (한솔동, 첫마을3단지)",세종특별자치시 한솔동 950번지,30130.0,지하,45874.0,55604,2023-06-13 16:39:46,I,2023-07-28 01:14:45,36,28,43.8,127,15,33.96,36.47949088024159,127.26066358887144,978560.494855,1831344.737381,세종특별자치시
17434,5690000-S201700005,2017-11-29,,사용중,첫마을4단지아파트 지하주차장 1층,공공용시설,"세종특별자치시 누리로 119 (한솔동, 첫마을4단지)",세종특별자치시 한솔동 1226번지,30130.0,지하,10122.0,12269,2023-06-01 13:40:41,I,2023-07-28 01:14:45,36,28,49.57,127,15,6.36,36.48088674161891,127.25337345557573,977907.847423,1831501.218232,세종특별자치시
17435,5690000-S201700006,2017-12-29,,사용중,첫마을6단지아파트 지하주차장 1층,공공용시설,"세종특별자치시 누리로 27 (한솔동, 첫마을6단지)",세종특별자치시 한솔동 984번지,30130.0,지하,41456.0,50249,2023-06-01 13:40:58,I,2023-07-28 01:14:45,36,28,27.27,127,15,14.48,36.47544463331682,127.25228322108168,977808.635284,1830897.809342,세종특별자치시
17436,5690000-S201700007,2017-06-09,,사용중,새샘마을 2단지아파트 지하주차장 1층,공공용시설,"세종특별자치시 남세종로 358(소담동, 새샘마을2단지)",세종특별자치시 소담동 594 새샘마을2단지,30150.0,지하,60314.0,73107,2025-01-07 19:59:51,U,2025-01-09 02:40:00,36,28,52.07,127,17,57.55,36.48113136545171,127.29932083209587,982023.75376,1831518.800584,세종특별자치시
17437,5690000-S201700009,2017-06-12,,사용중,국토연구원 지하주차장 1층,공공용시설,"세종특별자치시 국책연구원로 5, 국토연구원 (반곡동)",세종특별자치시 반곡동 771-125 국토연구원,30147.0,지하,1919.32,2326,2024-01-10 16:37:53,U,2024-01-12 02:40:00,36,29,29.84,127,18,2.24,36.491543990369046,127.30069775601427,982149.483723,1832673.553083,세종특별자치시
17438,5690000-S201800001,2018-01-10,,사용중,세종 푸르지오시티2차 어진동 지하주차장 1~3층,공공용시설,"세종특별자치시 가름로 255-21 (어진동, 세종시2차푸르지오시티)",세종특별자치시 어진동 648번지,30120.0,지하,11511.0,13952,2024-01-24 16:36:25,U,2024-01-26 02:40:00,36,29,43.63,127,16,1.52,36.49576094541722,127.26714618358687,979145.561389,1833148.054602,세종특별자치시
17439,5690000-S201800002,2018-01-10,,사용중,세종시모닝시티1차 어진동 지하주차장 1~4층,공공용시설,"세종특별자치시 가름로 170-14 (어진동, 모닝시티1차)",세종특별자치시 어진동 664번지,30121.0,지하,1837.0,2226,2024-01-24 16:36:50,U,2024-01-26 02:40:00,36,29,48.78,127,15,30.78,36.49695677012785,127.25863299181152,978383.449122,1833282.577068,세종특별자치시
17440,5690000-S201800003,2018-01-10,,사용중,도램마을5단지아파트 지하주차장 1층~2층,공공용시설,"세종특별자치시 다솜1로 220 (도담동, 도램마을5단지)",세종특별자치시 도담동 627번지,30100.0,지하,19022.0,23056,2024-12-30 17:10:46,U,2025-01-01 02:40:00,36,31,2.96,127,15,22.78,36.517489377186784,127.25632851019182,978182.824624,1835560.662531,세종특별자치시
17441,5690000-S201800005,2018-01-10,,사용중,도램마을10단지아파트 지하주차장 1층,공공용시설,"세종특별자치시 보듬4로 20 (도담동, 도램마을10단지)",세종특별자치시 도담동 853번지,30098.0,지하,24649.0,29877,2024-12-30 17:11:06,U,2025-01-01 02:40:00,36,30,45.49,127,15,42.02,36.51263623482664,127.26167152461196,978659.880865,1835021.132862,세종특별자치시
17442,5690000-S201800006,2018-01-10,,사용중,도램마을7단지아파트 지하주차장 1층,공공용시설,"세종특별자치시 보듬1로 12 (도담동, 도램마을7단지)",세종특별자치시 도담동 849번지,30100.0,지하,9151.0,11092,2024-12-30 17:11:32,U,2025-01-01 02:40:00,36,30,35.45,127,15,34.47,36.50984815366527,127.25957613672269,978471.485728,1834712.333021,세종특별자치시
17443,5690000-S201800007,2018-01-10,,사용중,도램마을13단지아파트 지하주차장 1층~2층,공공용시설,"세종특별자치시 보람로 95 (도담동, 도램마을13단지)",세종특별자치시 도담동 632번지,30098.0,지하,41041.0,49746,2024-12-30 17:11:50,U,2025-01-01 02:40:00,36,31,0.56,127,15,43.98,36.51682336197522,127.26221540075612,978709.726998,1835485.467307,세종특별자치시
17444,5690000-S201800008,2018-01-10,,사용중,도램마을14단지아파트 지하주차장 1층~2층,공공용시설,"세종특별자치시 보듬2로 42 (도담동, 도램마을14단지)",세종특별자치시 도담동 858번지,30098.0,지하,45372.0,54996,2024-12-30 17:12:09,U,2025-01-01 02:40:00,36,30,40.21,127,15,54.56,36.5111692531626,127.2651561510904,978971.500735,1834857.642202,세종특별자치시
17445,5690000-S201800009,2018-01-10,,사용중,도램마을16단지아파트 지하주차장 1층,공공용시설,"세종특별자치시 보듬4로 55 (도담동, 도램마을16단지)",세종특별자치시 도담동 641번지,30098.0,지하,6738.0,8167,2024-12-30 17:12:27,U,2025-01-01 02:40:00,36,30,49.45,127,15,55.73,36.51373727468538,127.26548114779726,979001.295535,1835142.427566,세종특별자치시
17446,5690000-S201800010,2018-01-10,,사용중,한뜰마을3단지아파트 어진동 지하주차장1~2층,공공용시설,"세종특별자치시 다솜로 290 (어진동, 한뜰마을3단지)",세종특별자치시 어진동 613번지,30104.0,지하,21742.0,26353,2024-01-24 16:33:40,U,2024-01-26 02:40:00,36,30,17.53,127,16,20.83,36.50486865005268,127.27245353068024,979623.275878,1834157.183349,세종특별자치시
17447,5690000-S201800011,2018-01-03,,사용중,새롬종합복지센터 지하주차장 1층,공공용시설,"세종특별자치시 새롬로 14, 새롬종합복지센터 (새롬동)",세종특별자치시 새롬동 567 새롬종합복지센터,30127.0,지하,2163.0,2621,2024-01-11 15:42:57,U,2024-01-13 02:40:00,36,29,9.85,127,15,24.11,36.48625254508779,127.2562408063178,978166.203205,1832095.760555,세종특별자치시
17448,5690000-S201800012,2018-01-03,,사용중,새뜸마을 1단지 지하주차장 1층,공공용시설,"세종특별자치시 새롬남로 18(새롬동, 새뜸마을1단지)",세종특별자치시 새롬동 601 새뜸마을1단지,30126.0,지하,48614.0,58926,2024-01-11 15:43:21,U,2024-01-13 02:40:00,36,28,57.52,127,14,52.72,36.48264376432201,127.24797710600068,977424.96552,1831697.36467,세종특별자치시
17449,5690000-S201800013,2018-01-03,,사용중,새뜸마을 2단지 지하주차장 1층,공공용시설,"세종특별자치시 새롬남로 17(새롬동, 새뜸마을2단지)",세종특별자치시 새롬동 599 새뜸마을2단지,30126.0,지하,31586.0,38286,2024-01-11 15:43:39,U,2024-01-13 02:40:00,36,28,58.39,127,14,52.5,36.48288639311358,127.24791779298114,977419.722931,1831724.2919,세종특별자치시
17450,5690000-S201800014,2018-01-03,,사용중,새뜸마을3단지 지하주차장 1층,공공용시설,"세종특별자치시 새롬북로 14(새롬동, 새뜸마을3단지)",세종특별자치시 새롬동 597 새뜸마을3단지,30126.0,지하,34854.0,42247,2024-01-11 15:43:58,U,2024-01-13 02:40:00,36,29,10.75,127,14,47.64,36.4863201511318,127.24656626037996,977299.660867,1832105.495427,세종특별자치시
17451,5690000-S201800015,2018-01-03,,사용중,새뜸마을 4단지 지하주차장 1층,공공용시설,"세종특별자치시 새롬북로 13(새롬동, 새뜸마을4단지)",세종특별자치시 새롬동 554 새뜸마을4단지,30126.0,지하,61229.0,74216,2024-01-11 15:44:18,U,2024-01-13 02:40:00,36,29,11.58,127,14,47.3,36.48655065560961,127.24647322839311,977291.395149,1832131.085822,세종특별자치시
17452,5690000-S201800016,2018-01-03,,사용중,새뜸마을 5단지 지하주차장 1층,공공용시설,"세종특별자치시 새롬중앙로 19(새롬동, 새뜸마을5단지)",세종특별자치시 새롬동 605 새뜸마을5단지,30126.0,지하,45973.0,55724,2024-01-11 15:44:44,U,2024-01-13 02:40:00,36,28,59.61,127,15,10.69,36.48322406353923,127.25296838633628,977872.226957,1831760.575985,세종특별자치시
17453,5690000-S201800017,2018-01-03,,사용중,새뜸마을 6단지 지하주차장 1층,공공용시설,"세종특별자치시 새롬중앙1로 13(새롬동, 새뜸마을6단지)",세종특별자치시 새롬동 593 새뜸마을6단지,30126.0,지하,19022.0,23056,2024-01-11 15:45:05,U,2024-01-13 02:40:00,36,29,3.94,127,15,3.02,36.48442826252412,127.2508390457679,977681.83703,1831894.641528,세종특별자치시
17454,5690000-S201800018,2018-01-03,,사용중,새뜸마을 10단지 지하주차장 1층,공공용시설,"세종특별자치시 새롬중앙로 90(새롬동, 새뜸마을10단지)",세종특별자치시 새롬동 558 새뜸마을10단지,30127.0,지하,49625.0,60151,2024-01-11 15:45:23,U,2024-01-13 02:40:00,36,29,20.07,127,15,1.78,36.48890764046152,127.2504933756937,977652.160809,1832391.592035,세종특별자치시
17455,5690000-S201800019,2018-01-03,,사용중,새뜸마을 11단지 지하주차장 1층,공공용시설,"세종특별자치시 새롬로 55(새롬동, 새뜸마을11단지)",세종특별자치시 새롬동 561 새뜸마을11단지,30127.0,지하,25952.0,31456,2024-01-11 15:45:40,U,2024-01-13 02:40:00,36,29,23.16,127,15,15.12,36.48976743797283,127.25420024781148,977984.422292,1832486.11081,세종특별자치시
17456,5690000-S201800020,2018-01-03,,사용중,새뜸마을 14단지 지하주차장 1층,공공용시설,"세종특별자치시 새롬로 56(새롬동, 새뜸마을14단지)",세종특별자치시 새롬동 563 새뜸마을14단지,30127.0,지하,14307.0,17341,2024-01-11 15:45:57,U,2024-01-13 02:40:00,36,29,23.76,127,15,16.43,36.4899322487704,127.25456350448016,978017.004778,1832504.309342,세종특별자치시
17457,5690000-S201800021,2018-01-03,,사용중,범지기마을3단지아파트 지하주차장 1~2층,공공용시설,"세종특별자치시 달빛1로 201 (아름동, 범지기마을3단지)",세종특별자치시 아름동 1297번지,30100.0,지하,44814.0,54320,2025-01-10 10:29:02,U,2025-01-12 02:40:00,36,31,2.6,127,14,43.44,36.51738979893554,127.24540053849114,977204.355437,1835552.148583,세종특별자치시
17458,5690000-S201800022,2018-01-03,,사용중,범지기마을4단지아파트 지하주차장 1층,공공용시설,"세종특별자치시 달빛로 109 (아름동, 범지기마을4단지)",세종특별자치시 아름동 1356번지,30100.0,지하,17577.0,21305,2025-01-10 10:29:54,U,2025-01-12 02:40:00,36,30,31.6,127,14,58.57,36.50877868767799,127.2496038268753,977578.215128,1834595.978743,세종특별자치시
17459,5690000-S201800023,2018-01-03,,사용중,범지기마을5단지아파트 지하주차장 1층,공공용시설,"세종특별자치시 달빛1로 122 (아름동, 범지기마을5단지)",세종특별자치시 아름동 1353번지,30100.0,지하,16873.0,20452,2025-01-10 10:30:55,U,2025-01-12 02:40:00,36,30,36.7,127,14,47.12,36.51019504626561,127.24642124396316,977293.643132,1834753.83317,세종특별자치시
17460,5690000-S201800024,2018-01-03,,사용중,범지기마을6단지아파트 지하주차장 1~2층,공공용시설,"세종특별자치시 달빛로 135 (아름동, 범지기마을6단지)",세종특별자치시 아름동 1357번지,30100.0,지하,20579.0,24944,2025-01-10 10:32:34,U,2025-01-12 02:40:00,36,30,39.56,127,14,56.63,36.51099025765603,127.24906373273264,977530.491413,1834841.421713,세종특별자치시
17461,5690000-S201800025,2018-01-03,,사용중,범지기마을7단지아파트 지하주차장 1~2층,공공용시설,"세종특별자치시 달빛1로 158 (아름동, 범지기마을7단지)",세종특별자치시 아름동 1284번지,30100.0,지하,21187.0,25681,2025-01-10 10:32:57,U,2025-01-12 02:40:00,36,30,48.61,127,14,46.57,36.51350334541728,127.2462696401577,977281.034881,1835120.840191,세종특별자치시
17462,5690000-S201800026,2018-01-03,,사용중,범지기마을9단지아파트 지하주차장 1~2층,공공용시설,"세종특별자치시 달빛1로 206 (아름동, 범지기마을9단지)",세종특별자치시 아름동 1282번지,30100.0,지하,25680.0,31127,2025-01-10 10:35:20,U,2025-01-12 02:40:00,36,31,3.9,127,14,44.61,36.517748999108775,127.24572512074774,977233.522294,1835591.915906,세종특별자치시
17463,5690000-S201800027,2018-01-03,,사용중,범지기마을10단지아파트 지하주차장 1~2층,공공용시설,"세종특별자치시 달빛로 211 (아름동, 범지기마을10단지)",세종특별자치시 아름동 1277번지,30100.0,지하,69542.0,84293,2025-01-10 10:40:26,U,2025-01-12 02:40:00,36,31,4.28,127,15,6.53,36.517856231780144,127.25181351585368,977778.677862,1835602.388253,세종특별자치시
17464,5690000-S201800028,2018-01-03,,사용중,범지기마을11단지아파트 지하주차장 1~2층,공공용시설,"세종특별자치시 보듬3로 73 (아름동, 범지기마을11단지)",세종특별자치시 아름동 1363번지,30100.0,지하,22687.0,27499,2025-01-10 10:40:52,U,2025-01-12 02:40:00,36,30,41.01,127,15,5.15,36.511391637123324,127.25143149022486,977742.622108,1834885.394632,세종특별자치시
17465,5690000-S201800029,2018-01-03,,사용중,범지기마을12단지아파트 지하주차장 1층,공공용시설,"세종특별자치시 보듬3로 74 (아름동, 범지기마을12단지)",세종특별자치시 아름동 1276번지,30100.0,지하,18405.0,22309,2025-01-10 10:41:22,U,2025-01-12 02:40:00,36,30,42.2,127,15,5.73,36.51172236503428,127.25159146556034,977757.041317,1834922.043474,세종특별자치시
17466,5690000-S201800030,2018-01-03,,사용중,호려울마을1단지아파트 지하주차장 1층,공공용시설,"세종특별자치시 남세종로 503 (보람동, 호려울마을1단지)",세종특별자치시 보람동 664번지 102호,30150.0,지하,37483.0,45433,2024-01-26 09:43:25,U,2024-01-28 02:40:00,36,28,28.69,127,17,5.43,36.47474517433655,127.28496239471885,980735.985087,1830813.194703,세종특별자치시
17467,5690000-S201800031,2018-01-03,,사용중,호려울마을4단지아파트 지하주차장 1층,공공용시설,"세종특별자치시 남세종로 469 (보람동, 호려울마을4단지)",세종특별자치시 보람동 700번지 1호,30150.0,지하,32701.0,39637,2024-01-26 09:42:23,U,2024-01-28 02:40:00,36,28,30.15,127,17,24.54,36.47616329120012,127.28843345519886,981047.283682,1830969.809263,세종특별자치시
17468,5690000-S201800032,2018-01-03,,사용중,호려울마을5단지아파트 지하주차장 1층,공공용시설,"세종특별자치시 남세종로 441 (보람동, 호려울마을5단지)",세종특별자치시 보람동 629번지 6호,30150.0,지하,25907.0,31402,2024-01-26 09:42:03,U,2024-01-28 02:40:00,36,28,36.97,127,17,25.68,36.47727729405838,127.29105491523956,981282.389533,1831092.866257,세종특별자치시
17469,5690000-S201800033,2018-01-03,,사용중,호려울마을6단지아파트 지하주차장 1층,공공용시설,"세종특별자치시 보람동로 13 (보람동, 호려울마을6단지)",세종특별자치시 보람동 639번지 3호,30150.0,지하,28284.0,34283,2024-01-26 09:44:56,U,2024-01-28 02:40:00,36,28,37.19,127,17,43.39,36.47786230862263,127.29523879141986,981657.325713,1831156.953797,세종특별자치시
17470,5690000-S201800034,2018-01-03,,사용중,호려울마을8단지아파트 지하주차장 1층,공공용시설,"세종특별자치시 보람동로 14 (보람동, 호려울마을8단지)",세종특별자치시 보람동 637번지 2호,30150.0,지하,40146.0,48661,2024-01-26 09:46:48,U,2024-01-28 02:40:00,36,28,45.48,127,17,52.57,36.479584019674206,127.29659510026872,981779.228189,1831347.675101,세종특별자치시
17471,5690000-S201800035,2018-01-03,,사용중,호려울마을9단지아파트 지하주차장 1층,공공용시설,"세종특별자치시 남세종로 384 (보람동, 호려울마을9단지)",세종특별자치시 보람동 635번지 5호,30150.0,지하,35599.0,43150,2024-01-26 09:47:22,U,2024-01-28 02:40:00,36,28,52.24,127,17,44.52,36.47990159687438,127.29632796502452,981755.372948,1831382.952492,세종특별자치시
17472,5690000-S201800036,2018-01-03,,사용중,호려울마을10단지아파트 지하주차장 1층,공공용시설,"세종특별자치시 시청대로 210 (보람동, 호려울마을10단지)",세종특별자치시 보람동 621번지 1호,30151.0,지하,34838.0,42227,2024-01-26 09:47:38,U,2024-01-28 02:40:00,36,28,55.63,127,17,41.0,36.48176331270018,127.29323828415272,981479.04682,1831590.050396,세종특별자치시
17473,5690000-S201800039,2018-01-03,,사용중,가재마을 1단지 아파트 지하주차장 1층,공공용시설,"세종특별자치시 도움1로 145 (종촌동, 가재마을1단지)",세종특별자치시 종촌동 686번지,30064.0,지하,35591.0,43140,2025-01-06 13:56:17,U,2025-01-08 02:40:00,36,30,5.74,127,14,36.19,36.50159393130597,127.24338590007088,977019.304867,1833800.480092,세종특별자치시
17474,5690000-S201800040,2018-01-03,,사용중,가재마을 2단지 아파트 지하주차장 1층,공공용시설,"세종특별자치시 달빛1로 39 (종촌동, 가재마을2단지)",세종특별자치시 종촌동 683번지,30064.0,지하,20875.0,25303,2025-01-06 13:56:38,U,2025-01-08 02:40:00,36,30,7.81,127,14,40.43,36.50299311979484,127.24470524137044,977137.868125,1833955.370093,세종특별자치시
17475,5690000-S201800041,2018-01-03,,사용중,가재마을 3단지 아파트 지하주차장 1층,공공용시설,"세종특별자치시 도움3로 159 (종촌동, 가재마을3단지)",세종특별자치시 종촌동 679번지,30064.0,지하,22666.0,27473,2025-01-06 13:57:08,U,2025-01-08 02:40:00,36,30,15.65,127,14,31.13,36.50501677916049,127.24317629315348,977001.546191,1834180.207121,세종특별자치시
17476,5690000-S201800042,2018-01-03,,사용중,가재마을 4단지 아파트 지하주차장 1층,공공용시설,"세종특별자치시 도움3로 160 (종촌동, 가재마을4단지)",세종특별자치시 종촌동 640번지,30064.0,지하,49345.0,59812,2025-01-06 13:57:36,U,2025-01-08 02:40:00,36,30,26.04,127,14,35.34,36.50531358379337,127.24310035598454,976994.833854,1834213.148113,세종특별자치시
17477,5690000-S201800043,2018-01-03,,사용중,가재마을 5단지 아파트 지하주차장 1층,공공용시설,"세종특별자치시 도움1로 105 (종촌동, 가재마을5단지)",세종특별자치시 종촌동 690번지,30064.0,지하,58012.0,70317,2025-01-06 13:58:10,U,2025-01-08 02:40:00,36,30,1.4,127,14,43.32,36.50193108818112,127.24789259861618,977422.994235,1833836.813167,세종특별자치시
17478,5690000-S201800044,2018-01-03,,사용중,가재마을 7단지 아파트 지하주차장 1층~2층,공공용시설,"세종특별자치시 달빛로 77 (종촌동, 가재마을7단지)",세종특별자치시 종촌동 649번지,30064.0,지하,34928.0,42336,2025-01-06 13:58:40,U,2025-01-08 02:40:00,36,30,25.72,127,14,49.7,36.50590552230708,127.24935067566506,977554.717137,1834277.333687,세종특별자치시
17479,5690000-S201800045,2018-01-03,,사용중,가재마을 9단지 아파트 지하주차장 1층,공공용시설,"세종특별자치시 도움1로 55 (종촌동, 가재마을9단지)",세종특별자치시 종촌동 697번지,30064.0,지하,41293.0,50052,2025-01-06 13:59:09,U,2025-01-08 02:40:00,36,30,5.16,127,15,10.75,36.50135964374861,127.2534393247853,977919.559556,1833772.140285,세종특별자치시
17480,5690000-S201800046,2018-01-03,,사용중,가재마을 10단지 아파트 지하주차장 1층,공공용시설,"세종특별자치시 도움1로 74 (종촌동, 가재마을10단지)",세종특별자치시 종촌동 656번지,30064.0,지하,15477.0,18760,2025-01-06 13:59:38,U,2025-01-08 02:40:00,36,30,8.59,127,15,12.66,36.5020904366944,127.25154870693538,977750.456366,1833853.63801,세종특별자치시
17481,5690000-S201800047,2018-01-03,,사용중,가재마을 12단지 아파트 지하주차장 1층~2층,공공용시설,"세종특별자치시 달빛로 80 (종촌동, 가재마을12단지)",세종특별자치시 종촌동 652번지,30064.0,지하,56318.0,68264,2025-01-06 14:00:08,U,2025-01-08 02:40:00,36,30,21.49,127,15,5.85,36.50607777262913,127.2501437159837,977625.782447,1834296.255911,세종특별자치시
17482,5690000-S201800048,2018-01-03,,사용중,가락마을4단지아파트 지하주차장 1층,공공용시설,"세종특별자치시 마음안로 48 (고운동, 가락마을4단지)",세종특별자치시 고운동 1703번지,30101.0,지하,14122.0,17117,2024-01-23 11:21:53,U,2024-01-25 02:40:00,36,30,25.34,127,14,12.17,36.50703796609064,127.2367144080818,976423.498843,1834405.968456,세종특별자치시
17483,5690000-S201800049,2018-01-03,,사용중,가락마을5단지아파트 지하주차장 1층,공공용시설,"세종특별자치시 마음안로 34 (고운동, 가락마을5단지)",세종특별자치시 고운동 1705번지,30101.0,지하,31194.0,37810,2024-01-23 11:22:22,U,2024-01-25 02:40:00,36,30,22.67,127,14,16.53,36.506296258706286,127.23792467656044,976531.651399,1834323.399429,세종특별자치시
17484,5690000-S201800050,2018-01-03,,사용중,가락마을6단지아파트 지하주차장 1층,공공용시설,"세종특별자치시 마음로 14 (고운동, 가락마을6단지)",세종특별자치시 고운동 1728번지,30063.0,지하,47372.0,57420,2024-01-23 11:32:16,U,2024-01-25 02:40:00,36,30,8.87,127,14,22.13,36.5024649334008,127.2394793348749,976669.718831,1833898.03453,세종특별자치시
17485,5690000-S201800051,2018-01-03,,사용중,가락마을7단지아파트 지하주차장 1층,공공용시설,"세종특별자치시 마음안로 13 (고운동, 가락마을7단지)",세종특별자치시 고운동 1724번지,30063.0,지하,30082.0,36463,2024-01-23 11:32:44,U,2024-01-25 02:40:00,36,30,18.83,127,14,23.24,36.50523123431533,127.2397900526858,976698.373455,1834204.809354,세종특별자치시
17486,5690000-S201800052,2018-01-03,,사용중,가락마을8단지아파트 지하주차장 1층,공공용시설,"세종특별자치시 만남로 92 (고운동, 가락마을8단지)",세종특별자치시 고운동 1706번지,30101.0,지하,31732.0,38463,2024-01-23 11:33:29,U,2024-01-25 02:40:00,36,30,26.96,127,14,22.18,36.50748904524883,127.2394948245862,976672.613352,1834455.327067,세종특별자치시
17487,5690000-S201800053,2018-01-03,,사용중,가락마을9단지아파트 지하주차장 1층,공공용시설,"세종특별자치시 마음로 151 (고운동, 가락마을9단지)",세종특별자치시 고운동 1408번지,30063.0,지하,21876.0,26516,2024-01-23 11:34:06,U,2024-01-25 02:40:00,36,30,39.9,127,13,46.15,36.511084451530415,127.2294848279763,975777.369248,1834856.616733,세종특별자치시
17488,5690000-S201800054,2018-01-03,,사용중,가락마을10단지아파트 지하주차장 1층,공공용시설,"세종특별자치시 마음로 181 (고운동, 가락마을10단지)",세종특별자치시 고운동 1400번지,30062.0,지하,40731.0,49370,2024-01-23 11:34:45,U,2024-01-25 02:40:00,36,30,49.7,127,13,45.67,36.51380427737594,127.22935336677028,975766.445788,1835158.345145,세종특별자치시
17489,5690000-S201800055,2018-01-03,,사용중,가락마을13단지아파트 지하주차장 1층,공공용시설,"세종특별자치시 마음로 182 (고운동, 가락마을13단지)",세종특별자치시 고운동 1401번지,30062.0,지하,20598.0,24967,2024-01-23 11:36:00,U,2024-01-25 02:40:00,36,30,49.66,127,13,46.86,36.513794723882015,127.22970521447704,975797.947137,1835157.196937,세종특별자치시
17490,5690000-S201800056,2018-01-03,,사용중,가락마을15단지아파트 지하주차장 1층,공공용시설,"세종특별자치시 마음안로 190(고운동, 가락마을15단지)",세종특별자치시 고운동 1393 가락마을15단지,30101.0,지하,15600.0,18909,2024-01-23 11:37:32,U,2024-01-25 02:40:00,36,31,1.73,127,14,12.81,36.51714596374693,127.23689033726548,976442.316374,1835527.149773,세종특별자치시
17491,5690000-S201800057,2018-01-03,,사용중,가락마을16단지아파트 지하주차장 1층,공공용시설,"세종특별자치시 만남로 187 (고운동, 가락마을16단지)",세종특별자치시 고운동 1395번지,30101.0,지하,16289.0,19744,2024-01-23 11:38:08,U,2024-01-25 02:40:00,36,30,57.71,127,14,20.65,36.5160317855431,127.2390695179998,976637.096122,1835403.029082,세종특별자치시
17492,5690000-S201800058,2018-01-03,,사용중,가락마을20단지아파트 지하주차장 1층,공공용시설,"세종특별자치시 만남로 190 (고운동, 가락마을20단지)",세종특별자치시 고운동 1396번지,30101.0,지하,27529.0,33368,2024-01-23 11:40:13,U,2024-01-25 02:40:00,36,30,58.27,127,14,22.08,36.516185839670456,127.23946674918469,976672.709277,1835420.021156,세종특별자치시
17493,5690000-S201800059,2018-01-03,,사용중,가락마을21단지아파트 지하주차장 1층,공공용시설,"세종특별자치시 마음안로 221 (고운동, 가락마을21단지)",세종특별자치시 고운동 1390번지,30062.0,지하,15886.0,19255,2024-01-23 11:40:45,U,2024-01-25 02:40:00,36,31,3.13,127,14,25.47,36.51753526073053,127.24040716101568,976757.314391,1835569.477669,세종특별자치시
17494,5690000-S201800060,2018-01-03,,사용중,가락마을22단지아파트 지하주차장 1층,공공용시설,"세종특별자치시 마음로 322 (고운동, 가락마을22단지)",세종특별자치시 고운동 1387번지,30062.0,지하,25447.0,30844,2024-01-23 11:41:17,U,2024-01-25 02:40:00,36,31,11.99,127,14,27.15,36.51999688815148,127.24087638048744,976800.060996,1835842.419521,세종특별자치시
17495,5690000-S201800061,2018-01-03,,사용중,욱일아파트 지하1층주차장,공공용시설,세종특별자치시 조치원읍 충현로 159 (욱일아파트),세종특별자치시 조치원읍 89번지,30021.0,지하,6679.0,6679,2025-03-27 18:54:11,U,2025-03-29 02:40:00,36,36,10.0,127,17,34.02,36.60267698710216,127.29382981202308,981560.769973,1845002.274916,세종특별자치시
17496,5690000-S201800062,2018-01-03,,사용중,풍산아파트 지하1층주차장,공공용시설,세종특별자치시 조치원읍 새내8길 22-13,세종특별자치시 조치원읍 59번지 1호,30027.0,지하,1094.0,1326,2023-06-21 17:20:29,I,2023-07-28 01:14:45,36,35,55.39,127,18,0.48,36.59888419837751,127.29999228362232,982111.047557,1844580.391227,세종특별자치시
17497,5690000-S201800063,2018-01-03,,사용중,새샘마을 3단지아파트 지하주차장 1층,공공용시설,"세종특별자치시 시청대로 236 (소담동, 새샘마을3단지)",세종특별자치시 소담동 550 새샘마을3단지,30151.0,지하,47443.0,57506,2025-01-07 20:00:17,U,2025-01-09 02:40:00,36,29,5.84,127,17,43.55,36.48495510145745,127.29543056363708,981676.175008,1831943.676645,세종특별자치시
17498,5690000-S201800064,2018-01-03,,사용중,새샘마을 5단지아파트 지하주차장 1층,공공용시설,"세종특별자치시 남세종로 301 (소담동, 새샘마을5단지)",세종특별자치시 소담동 598 새샘마을5단지,30150.0,지하,29388.0,35621,2025-01-07 20:00:42,U,2025-01-09 02:40:00,36,28,53.98,127,18,19.97,36.48166102473768,127.30554643551233,982581.544095,1831576.409066,세종특별자치시
17499,5690000-S201900001,2019-10-30,,사용중,새샘마을 6단지아파트 지하주차장 1~2층,공공용시설,"세종특별자치시 남세종로 302 (소담동, 새샘마을6단지)",세종특별자치시 소담동 586 새샘마을6단지,30150.0,지하,55870.0,67721,2025-01-07 20:01:07,U,2025-01-09 02:40:00,36,28,54.95,127,18,19.81,36.48192449305172,127.30536408386762,982565.268695,1831605.666938,세종특별자치시
17500,5690000-S201900002,2019-10-30,,사용중,부강면 대신하나로아파트 지하주차장 1층,공공용시설,세종특별자치시 부강면 부강로 29-12 (대신하나로아파트),세종특별자치시 부강면 부강리 498-7 대신하나로아파트,30076.0,지하,621.0,752,2025-03-12 15:56:09,U,2025-03-14 02:40:00,36,31,43.38,127,21,56.05,36.528716359197645,127.36557031948874,987965.558167,1836786.80443,세종특별자치시
17501,5690000-S201900003,2019-10-30,,사용중,신창무궁화아파트 지하주차장 1층,공공용시설,세종특별자치시 소정면 세종로 4283 (신창무궁화아파트),세종특별자치시 소정면 운당리 35-1 신창무궁화아파트,30000.0,지하,3252.0,3941,2023-06-16 10:00:54,I,2023-07-28 01:14:45,36,41,53.06,127,9,7.7,36.69807344420766,127.15213815086214,968926.617329,1855620.879982,세종특별자치시
17502,5690000-S201900004,2019-10-30,,사용중,홍익대 교사A동 지하1층,공공용시설,세종특별자치시 조치원읍 세종로 2639 (홍익대학교세종캠퍼스),세종특별자치시 조치원읍 300번지,30016.0,지하,283.0,343,2023-06-21 17:20:53,I,2023-07-28 01:14:45,36,37,15.03,127,17,15.39,36.62144254548845,127.29052520549908,981269.754496,1847084.506479,세종특별자치시
17503,5690000-S201900005,2019-10-30,,사용중,고려대 학술정보관 지하1층,공공용시설,세종특별자치시 조치원읍 세종로 2511 (고려대학교세종캠퍼스),세종특별자치시 조치원읍 208번지,30019.0,지하,859.0,859,2025-03-27 18:54:11,U,2025-03-29 02:40:00,36,36,36.66,127,17,13.9,36.610387769743305,127.29311536925076,981498.714009,1845857.739342,세종특별자치시
17504,5690000-S201900006,2019-10-30,,사용중,새뜸마을 9단지 지하주차장 1층,공공용시설,"세종특별자치시 새롬남로 98(새롬동, 새뜸마을9단지)",세종특별자치시 새롬동 611 새뜸마을9단지,30127.0,지하,11312.0,13711,2024-01-11 15:46:14,U,2024-01-13 02:40:00,36,29,1.9,127,15,25.42,36.48385973190744,127.2570624409533,978239.128933,1831830.154458,세종특별자치시
17505,5690000-S201900013,2019-10-30,,사용중,해들마을1단지 아파트 지하1~2층,공공용시설,"세종특별자치시 대평1길 27 (대평동, 해들마을1단지)",세종특별자치시 대평동 707 해들마을1단지,30153.0,지하,19224.0,23301,2025-01-09 09:22:02,U,2025-01-11 02:40:00,36,28,12.16,127,16,39.66,36.47004479822394,127.2776837998168,980082.733,1830293.291289,세종특별자치시
17506,5690000-S201900014,2019-10-30,,사용중,해들마을2단지 아파트 지하1~2층,공공용시설,"세종특별자치시 대평1길 37 (대평동, 해들마을2단지)",세종특별자치시 대평동 706 해들마을2단지,30153.0,지하,24225.0,29363,2025-01-09 09:22:26,U,2025-01-11 02:40:00,36,28,15.0,127,16,37.75,36.4708324524443,127.27715276842495,980035.359916,1830380.770593,세종특별자치시
17507,5690000-S201900015,2019-10-30,,사용중,해들마을3단지 아파트 지하1층,공공용시설,"세종특별자치시 대평1길 38 (대평동, 해들마을3단지)",세종특별자치시 대평동 705 해들마을3단지,30153.0,지하,16997.0,20602,2025-01-09 09:23:09,U,2025-01-11 02:40:00,36,28,15.3,127,16,38.45,36.4709166515544,127.27734611620204,980052.703332,1830390.070233,세종특별자치시
17508,5690000-S201900016,2019-10-30,,사용중,해들마을4단지 아파트 지하1층,공공용시설,"세종특별자치시 대평로 34 (대평동, 해들마을4단지)",세종특별자치시 대평동 704 해들마을4단지,30153.0,지하,52031.0,63067,2025-01-09 09:24:25,U,2025-01-11 02:40:00,36,28,16.71,127,16,50.09,36.47130797809172,127.28058032623116,980342.551597,1830432.813145,세종특별자치시
17509,5690000-S201900017,2019-10-30,,사용중,해들마을5단지 아파트 지하1층,공공용시설,"세종특별자치시 대평로 56 (대평동, 해들마을 5단지)",세종특별자치시 대평동 700 해들마을 5단지,30153.0,지하,40880.0,49551,2025-01-09 09:24:48,U,2025-01-11 02:40:00,36,28,21.89,127,16,44.04,36.47274671554744,127.27890131725036,980192.497795,1830592.746855,세종특별자치시
17510,5690000-S201900018,2019-10-30,,사용중,해들마을6단지 아파트 지하1~2층,공공용시설,"세종특별자치시 대평로 80 (대평동, 해들마을 6단지)",세종특별자치시 대평동 668 해들마을 6단지,30152.0,지하,39120.0,47418,2025-01-09 09:25:31,U,2025-01-11 02:40:00,36,28,28.16,127,16,37.58,36.47448966707727,127.27710461763432,980031.984262,1830786.452155,세종특별자치시
17511,5690000-S201900019,2019-10-30,,사용중,신성미소지움아파트 지하주차장1층,공공용시설,세종특별자치시 금남면 용포2길 57-15 (신성미소지움아파트),세종특별자치시 금남면 용포리 263 신성미소지움아파트 지하주차장1층,30083.0,지하,6064.0,7350,2023-11-02 11:12:00,U,2023-11-04 02:40:00,36,27,54.56,127,16,42.9,36.46515559456673,127.278583511476,980162.092438,1829750.777931,세종특별자치시
17512,5690000-S201900020,2019-10-30,,사용중,성호늘푸른아파트 지하주차장 1층,공공용시설,세종특별자치시 전의면 동교동촌2길 16 (성호늘푸른아파트),세종특별자치시 전의면 동교리 213-28 성호늘푸른아파트 지하주차장 1층,30004.0,지하,1036.0,1255,2024-11-28 11:31:34,U,2024-11-30 02:40:00,36,40,59.74,127,12,18.49,36.68326086034285,127.205136454981,973655.746386,1853961.882969,세종특별자치시
17513,5690000-S201900021,2019-10-30,,사용중,가온마을1단지 아파트 지하주차장 1~2층,공공용시설,"세종특별자치시 다정남로 22 (다정동, 가온마을1단지)",세종특별자치시 다정동 960 가온마을1단지,30124.0,지하,84066.0,101898,2024-01-11 15:39:52,U,2024-01-13 02:40:00,36,29,33.96,127,14,35.55,36.49276781683337,127.243208450573,977000.803759,1832821.492889,세종특별자치시
17514,5690000-S201900022,2019-10-30,,사용중,가온마을2단지 아파트 지하주차장 1~2층,공공용시설,"세종특별자치시 다정북로 110 (다정동, 가온마을2단지)",세종특별자치시 다정동 953 가온마을2단지,30124.0,지하,42380.0,51369,2024-01-11 15:41:11,U,2024-01-13 02:40:00,36,29,45.65,127,14,33.64,36.49601419996022,127.24267655791716,976954.127269,1833181.722238,세종특별자치시
17515,5690000-S201900023,2019-10-30,,사용중,가온마을5단지 아파트 지하주차장 1층,공공용시설,"세종특별자치시 다정서로 60 (다정동, 가온마을5단지)",세종특별자치시 다정동 946 가온마을5단지,30124.0,지하,22199.0,26907,2024-01-11 15:55:49,U,2024-01-13 02:40:00,36,29,42.36,127,14,41.87,36.49509925445231,127.24496506530352,977158.817576,1833079.687633,세종특별자치시
17516,5690000-S201900024,2019-10-30,,사용중,가온마을12단지 아파트 지하주차장 1층,공공용시설,"세종특별자치시 다정남로 123 (다정동, 가온마을12단지)",세종특별자치시 다정동 926 가온마을12단지,30123.0,지하,36190.0,43866,2024-01-11 16:01:17,U,2024-01-13 02:40:00,36,29,34.2,127,15,15.22,36.49283461974552,127.25422815404404,977987.78969,1832826.328652,세종특별자치시
17517,5690000-S201900025,2019-12-30,,사용중,가온마을8단지 아파트 지하주차장 1~2층,공공용시설,"세종특별자치시 다정북로 180 (다정동, 가온마을8단지)",세종특별자치시 다정동 931 가온마을8단지,30123.0,지하,18225.0,22090,2024-01-11 15:57:09,U,2024-01-13 02:40:00,36,29,44.45,127,15,1.64,36.49568105737145,127.25045640917784,977650.795898,1833142.935621,세종특별자치시
17518,5690000-S201900026,2019-10-30,,사용중,가온마을10단지 아파트 지하주차장 1층,공공용시설,"세종특별자치시 가온로 9 (다정동, 가온마을 10단지)",세종특별자치시 다정동 969 가온마을 10단지,30123.0,지하,15115.0,18321,2024-01-11 16:00:22,U,2024-01-13 02:40:00,36,29,29.88,127,15,14.37,36.49163465527438,127.25399097910476,977966.207525,1832693.277931,세종특별자치시
17519,5690000-S202000001,2020-11-12,,사용중,새롬동복합커뮤니티센터 지하주차장 1층,공공용시설,"세종특별자치시 새롬중앙로 44, 새롬동복합커뮤니티센터 (새롬동)",세종특별자치시 새롬동 575 새롬동복합커뮤니티센터,30127.0,지하,3385.0,4103,2024-01-11 15:46:32,U,2024-01-13 02:40:00,36,29,6.83,127,15,6.75,36.485033440217656,127.25184197432186,977771.845674,1831961.538391,세종특별자치시
17520,5690000-S202000002,2020-11-12,,사용중,가락마을1단지아파트 지하주차장 1층,공공용시설,"세종특별자치시 마음로 67 (고운동, 가락마을1단지)",세종특별자치시 고운동 1729 가락마을1단지,30063.0,지하,30977.0,37547,2024-01-23 11:20:01,U,2024-01-25 02:40:00,36,30,16.69,127,14,3.13,36.50463503536752,127.23420270199556,976197.846384,1834140.042692,세종특별자치시
17521,5690000-S202000003,2020-11-12,,사용중,가락마을2단지아파트 지하주차장 1층,공공용시설,"세종특별자치시 마음로 49 (고운동, 가락마을2단지)",세종특별자치시 고운동 1731 가락마을2단지,30063.0,지하,22215.0,26927,2024-01-23 11:20:44,U,2024-01-25 02:40:00,36,30,13.2,127,14,8.94,36.503667918715806,127.2358157338302,976341.999467,1834032.368496,세종특별자치시
17522,5690000-S202000004,2020-11-12,,사용중,가락마을14단지아파트 지하주차장 1층,공공용시설,"세종특별자치시 마음안로 131 (고운동, 가락마을 14단지)",세종특별자치시 고운동 1403 가락마을 14단지,30062.0,지하,15155.0,18369,2024-01-23 11:36:37,U,2024-01-25 02:40:00,36,30,49.4,127,13,58.35,36.51372331838333,127.23287594652126,976081.831453,1835148.484057,세종특별자치시
17523,5690000-S202000005,2020-11-12,,사용중,가락마을18단지아파트 지하주차장 1층,공공용시설,"세종특별자치시 마음안1로 139 (고운동, 가락마을18단지)",세종특별자치시 고운동 산 95 가락마을18단지,30062.0,지하,31544.0,38235,2024-01-23 11:39:09,U,2024-01-25 02:40:00,36,31,18.96,127,14,4.0,36.52193233141944,127.23444461462012,976224.801042,1836058.676977,세종특별자치시
17524,5690000-S202000006,2020-11-12,,사용중,가락마을19단지아파트 지하주차장 1층,공공용시설,"세종특별자치시 밝은뜰로 15 (고운동, 가락마을19단지)",세종특별자치시 고운동 658-2 가락마을19단지,30062.0,지하,50954.0,61762,2024-01-23 11:39:39,U,2024-01-25 02:40:00,36,31,19.61,127,14,3.35,36.52211265537545,127.2342633453405,976208.627163,1836078.724133,세종특별자치시
17525,5690000-S202000007,2020-11-12,2023-03-29,사용중지,장군면사무소,공공용시설,"세종특별자치시 장군면 장척로 400-1, 장군면사무소",세종특별자치시 장군면 도계리 167 장군면사무소,30053.0,지상,816.0,989,2023-04-25 23:25:20,I,2023-07-28 01:14:45,36,29,48.58,127,12,19.44,36.49682711076111,127.20540010797453,973615.918171,1833281.457474,세종특별자치시
17526,5690000-S202000008,2020-11-12,,사용중,대원네스트빌아파트 지하1층,공공용시설,세종특별자치시 연서면 당산로 290 (대원네스트빌아파트),세종특별자치시 연서면 봉암리 622 대원네스트빌아파트,30047.0,지하,2260.0,2739,2023-06-14 10:00:37,I,2023-07-28 01:14:45,36,33,31.77,127,16,42.85,36.55882426512796,127.27856863326,980184.651299,1840140.919856,세종특별자치시
17527,5690000-S202000009,2020-11-12,,사용중,호려울마을3단지아파트 지하주차장1~2층,공공용시설,"세종특별자치시 시청대로 78 (보람동, 호려울마을3단지)",세종특별자치시 보람동 730 호려울마을3단지,30151.0,지하,31211.0,37831,2024-01-26 09:42:57,U,2024-01-28 02:40:00,36,28,37.2,127,16,51.58,36.47706062064995,127.280949407953,980377.067306,1831070.842149,세종특별자치시
17528,5690000-S202000010,2020-11-12,,사용중,호려울마을7단지아파트 지하주차장 1~2층,공공용시설,"세종특별자치시 남세종로 480 (보람동, 호려울마을 7단지)",세종특별자치시 보람동 738 호려울마을 7단지,30150.0,지하,38915.0,47169,2024-01-26 09:46:14,U,2024-01-28 02:40:00,36,28,33.62,127,17,13.7,36.47600649860479,127.287138123807,980931.205743,1830952.672757,세종특별자치시
17529,5690000-S202000017,2020-11-12,,사용중,소담동 복합커뮤니티센터 지하주차장 1층,공공용시설,"세종특별자치시 한누리대로 2023, 소담동행정복지센터 (소담동)",세종특별자치시 소담동 579 소담동행정복지센터,30150.0,지하,3228.0,3912,2025-01-07 19:59:18,U,2025-01-09 02:40:00,36,29,2.66,127,18,1.33,36.48406841240132,127.29995257181665,982081.019531,1831844.471287,세종특별자치시
17530,5690000-S202000018,2020-11-10,,사용중,다정동 복합커뮤니티센터 지하주차장 1층,공공용시설,"세종특별자치시 다정남3로 10, 다정동 복합커뮤니티센터 (다정동)",세종특별자치시 다정동 929 다정동 복합커뮤니티센터,30123.0,지하,2920.0,3539,2024-01-11 15:39:23,U,2024-01-13 02:40:00,36,29,40.49,127,14,59.0,36.49458136537024,127.24972132108672,977584.644137,1833021.124033,세종특별자치시
17531,5690000-S202000019,2020-11-10,,사용중,가온마을3단지 아파트 지하주차장 1층,공공용시설,"세종특별자치시 다정북로 109 (다정동, 가온마을3단지)",세종특별자치시 다정동 916 가온마을3단지,30124.0,지하,74351.0,90122,2024-01-11 15:41:47,U,2024-01-13 02:40:00,36,29,46.56,127,14,33.63,36.49626707816094,127.2426756959213,976954.124997,1833209.772748,세종특별자치시
17532,5690000-S202000020,2020-11-10,,사용중,가온마을4단지 아파트 지하주차장 1층,공공용시설,"세종특별자치시 다정중앙로 19 (다정동, 가온마을4단지)",세종특별자치시 다정동 964 가온마을4단지,30124.0,지하,42199.0,51150,2024-01-11 15:54:51,U,2024-01-13 02:40:00,36,29,31.81,127,14,56.61,36.49216877455067,127.24905929014344,977524.654406,1832753.663814,세종특별자치시
17533,5690000-S202000021,2020-11-10,,사용중,가온마을6단지 아파트 지하주차장 1~2층,공공용시설,"세종특별자치시 다정중앙로 77 (다정동, 가온마을6단지)",세종특별자치시 다정동 918 가온마을6단지,30124.0,지하,69345.0,84054,2024-01-11 15:56:10,U,2024-01-13 02:40:00,36,29,50.79,127,14,55.48,36.49744119279162,127.24869721673431,977493.751094,1833338.586733,세종특별자치시
17534,5690000-S202000022,2020-11-10,,사용중,가온마을9단지 아파트 지하주차장 1층,공공용시설,"세종특별자치시 다정북로 183 (다정동, 가온마을9단지)",세종특별자치시 다정동 920 가온마을9단지,30123.0,지하,35172.0,42632,2024-01-11 15:59:58,U,2024-01-13 02:40:00,36,29,45.57,127,15,3.4,36.4959921027346,127.25094518524494,977694.660122,1833177.324776,세종특별자치시
17535,5690000-S202000023,2020-11-10,,사용중,가온마을11단지 아파트 지하주차장 1~2층,공공용시설,"세종특별자치시 가온로 10 (다정동, 가온마을11단지)",세종특별자치시 다정동 970 가온마을11단지,30123.0,지하,11595.0,14054,2024-01-11 16:00:46,U,2024-01-13 02:40:00,36,29,29.99,127,15,15.78,36.4916898513815,127.2543070152006,977994.528956,1832699.328275,세종특별자치시
17536,5690000-S202000024,2020-11-12,,사용중,대평동행정복지센터 지하1층,공공용시설,"세종특별자치시 대평1길 10, 대평동행정복지센터 (대평동)",세종특별자치시 대평동 710 대평동행정복지센터,30153.0,지하,2427.0,2941,2025-02-02 10:19:26,U,2025-02-04 02:40:00,36,28,15.53,127,16,45.53,36.4709111211839,127.27950000008668,980245.666108,1830389.013206,세종특별자치시
17537,5690000-S202000025,2020-11-12,,사용중,수루배마을1단지 아파트 지하주차장 1~2층,공공용시설,"세종특별자치시 반곡로 14 (반곡동, 수루배마을1단지)",세종특별자치시 반곡동 851 수루배마을1단지,30146.0,지하,58982.0,71493,2024-01-10 16:34:12,U,2024-01-12 02:40:00,36,29,54.72,127,18,28.27,36.49853197360452,127.30785144301944,982791.750884,1833447.386482,세종특별자치시
17538,5690000-S202000026,2020-11-12,,사용중,수루배마을2단지 아파트 지하주차장 1~2층,공공용시설,"세종특별자치시 반곡1길 9 (반곡동, 수루배마을2단지)",세종특별자치시 반곡동 897 수루배마을2단지,30145.0,지하,30773.0,37300,2024-01-10 16:34:36,U,2024-01-12 02:40:00,36,29,48.1,127,18,35.44,36.4966932433634,127.309844067634,982969.801949,1833243.072962,세종특별자치시
17539,5690000-S202000027,2020-11-12,,사용중,수루배마을3단지 아파트 지하주차장 1~2층,공공용시설,"세종특별자치시 반곡로 15 (반곡동, 수루배마을 3단지)",세종특별자치시 반곡동 852 수루배마을 3단지,30146.0,지하,42417.0,51414,2024-01-10 16:35:17,U,2024-01-12 02:40:00,36,29,56.09,127,18,30.61,36.49891520225289,127.30850356768808,982850.237788,1833489.779462,세종특별자치시
17540,5690000-S202000028,2020-11-12,,사용중,수루배마을4단지 아파트 지하주차장 1층,공공용시설,"세종특별자치시 시청대로 500 (반곡동, 수루배마을 4단지)",세종특별자치시 반곡동 857 수루배마을 4단지,30146.0,지하,48343.0,58597,2024-01-10 16:35:37,U,2024-01-12 02:40:00,36,30,4.21,127,18,49.99,36.50116897038651,127.31388522296862,983332.683883,1833738.831945,세종특별자치시
17541,5690000-S202000029,2024-11-18,,사용중,수루배마을5단지 아파트 지하주차장 1~2층,공공용시설,"세종특별자치시 반곡2길 9 (반곡동, 수루배마을5단지)",세종특별자치시 반곡동 899 수루배마을5단지,30145.0,지하,18627.87,22579,2024-11-20 16:51:07,U,2024-11-22 02:40:00,36,29,48.84,127,18,42.42,36.49689920138277,127.31178292105864,983143.488779,1833265.577636,세종특별자치시
17542,5690000-S202000030,2020-11-12,,사용중,수루배마을6단지 아파트 지하주차장 1층,공공용시설,"세종특별자치시 시청대로 598 (반곡동, 수루배마을 6단지)",세종특별자치시 반곡동 1035 수루배마을 6단지,30145.0,지하,34481.0,41795,2024-01-10 16:36:19,U,2024-01-12 02:40:00,36,29,38.29,127,19,7.82,36.49396977144322,127.31883809749333,983774.732053,1832939.422169,세종특별자치시
17543,5690000-S202000031,2020-11-12,2023-03-27,사용중지,연동면사무소,공공용시설,"세종특별자치시 연동면 장욱진로 7, 연동면 복합커뮤니티센터",세종특별자치시 연동면 내판리 33-1 연동면 복합커뮤니티센터,30068.0,지상,508.0,615,2023-04-25 23:23:21,I,2023-07-28 01:14:45,36,33,18.57,127,19,38.54,36.55515877975875,127.3273710573879,984551.135027,1839725.379933,세종특별자치시
17544,5690000-S202100001,2021-12-27,,사용중,해밀동 복합커뮤니티센터 지하주차장 1층,공공용시설,"세종특별자치시 해밀1로 45, 해밀동 복합커뮤니티센터 (해밀동)",세종특별자치시 해밀동 325 해밀동 복합커뮤니티센터,30092.0,지하,2158.0,2615,2025-03-10 19:01:37,U,2025-03-12 02:40:00,36,31,36.62,127,16,5.46,36.52707378315744,127.26777438966948,979210.199893,1836621.276215,세종특별자치시
17545,5690000-S202100002,2021-12-27,,사용중,해밀마을1단지 전체 동의 지하주차장 1층,공공용시설,"세종특별자치시 해밀3로 32(해밀동, 해밀마을1단지)",세종특별자치시 해밀동 산 8 해밀마을1단지,30092.0,지하,92156.0,111704,2025-03-10 19:02:14,U,2025-03-12 02:40:00,36,31,39.05,127,15,51.04,36.52751262164527,127.26417851726424,978888.401197,1836670.736857,세종특별자치시
17546,5690000-S202100003,2021-12-27,,사용중,해밀마을2단지 전체 동의 지하주차장 1층,공공용시설,"세종특별자치시 해밀3로 90(해밀동, 해밀마을2단지)",세종특별자치시 해밀동 118 해밀마을2단지,30092.0,지하,60521.0,73358,2025-03-10 19:02:34,U,2025-03-12 02:40:00,36,31,50.85,127,16,8.68,36.53079074518311,127.26907753311708,979327.852001,1837033.298509,세종특별자치시
17547,5690000-S202200001,2022-01-10,,사용중,반곡동 복합커뮤니티센터 지하주차장 1층,공공용시설,"세종특별자치시 반곡로 39, 반곡동 복합커뮤니티센터 (반곡동)",세종특별자치시 반곡동 855 반곡동 복합커뮤니티센터,30146.0,지하,2751.1,3334,2024-01-10 16:33:45,U,2024-01-12 02:40:00,36,29,55.41,127,18,38.08,36.49842267050271,127.31069120091114,983046.047541,1833434.758581,세종특별자치시
17548,5690000-S202200002,2022-01-10,,사용중,새나루마을1단지 아파트 지하주차장 1층,공공용시설,"세종특별자치시 남세종로 160 (집현동, 새나루마을1단지)",세종특별자치시 집현동 883-139 새나루마을1단지,30144.0,지하,56176.93,68093,2024-01-10 16:38:21,U,2024-01-12 02:40:00,36,29,8.54,127,19,13.33,36.48570628083438,127.3203689235569,983910.127454,1832022.546991,세종특별자치시
17549,5690000-S202200003,2022-01-10,,사용중,새나루마을2단지 아파트 지하주차장 1층,공공용시설,"세종특별자치시 집현서로 15(집현동, 새나루마을2단지)",세종특별자치시 집현동 883-115 새나루마을2단지,30141.0,지하,12053.81,14610,2024-01-10 16:38:39,U,2024-01-12 02:40:00,36,29,19.0,127,19,18.54,36.48861169295371,127.32181607038132,984040.347059,1832344.585749,세종특별자치시
17550,5690000-S202200004,2022-01-10,,사용중,새나루마을4단지 아파트 지하주차장 1층,공공용시설,"세종특별자치시 집현서로 57(집현동, 새나루마을 4단지)",세종특별자치시 집현동 0 새나루마을 4단지,30141.0,지하,13864.0,16804,2024-01-10 16:39:01,U,2024-01-12 02:40:00,36,29,32.63,127,19,19.19,36.4923563583285,127.3220010888495,984057.686291,1832759.927966,세종특별자치시
17551,5690000-S202200005,2022-01-10,,사용중,새나루마을3단지 아파트 지하주차장 1층,공공용시설,"세종특별자치시 집현서로 45 (집현동, 새나루마을 3단지)",세종특별자치시 집현동 883-52 새나루마을 3단지,30141.0,지하,22838.87,27683,2024-01-10 16:39:22,U,2024-01-12 02:40:00,36,29,28.48,127,19,17.69,36.49124449599259,127.3215816299735,984019.889394,1832636.665336,세종특별자치시
17552,5690000-S202200006,2022-01-10,,사용중,새나루마을9단지 아파트 지하주차장 1층,공공용시설,"세종특별자치시 시청대로 642(집현동, 새나루마을 9단지)",세종특별자치시 집현동 883-11 새나루마을 9단지,30141.0,지하,23998.0,29088,2024-01-10 16:39:38,U,2024-01-12 02:40:00,36,29,34.25,127,19,25.46,36.49284795967492,127.32373908216049,984213.448024,1832814.172122,세종특별자치시
17553,5690000-S202200007,2022-01-10,,사용중,새나루마을11단지 아파트 지하주차장 1~2층,공공용시설,"세종특별자치시 집현서2로 84(집현동, 새나루마을 11단지)",세종특별자치시 집현동 889 새나루마을 11단지,30141.0,지하,24578.0,29791,2024-01-25 12:40:29,U,2024-01-27 02:40:00,36,29,50.94,127,19,25.01,36.497484099629695,127.32361369735229,984203.1597,1833328.451742,세종특별자치시
17554,5690000-S202200008,2022-01-10,,사용중,새나루마을12단지 아파트 지하주차장 1층,공공용시설,"세종특별자치시 집현북로 52(집현동, 새나루마을 12단지)",세종특별자치시 집현동 422 새나루마을 12단지,30140.0,지하,25218.22,30567,2024-01-10 16:40:22,U,2024-01-12 02:40:00,36,30,6.71,127,19,32.18,36.50186277655631,127.32560485794872,984382.363987,1833813.827656,세종특별자치시
17555,5690000-S202200009,2022-01-03,,사용중,죽림우방유쉘아파트 지하1층주차장,공공용시설,"세종특별자치시 조치원읍 산막길 17, 지하층 (우방유쉘아파트)",세종특별자치시 조치원읍 죽림리 72 우방유쉘아파트,30034.0,지하,16537.0,20044,2023-06-21 17:21:45,I,2023-07-28 01:14:45,36,35,34.78,127,17,42.95,36.59299572356874,127.29526266774434,981686.632499,1843928.097663,세종특별자치시
17556,5690000-S202200010,2022-05-04,2023-03-31,사용중지,연남초등학교 체육관,공공용시설,"세종특별자치시 연기면 연기길 2, 연남초등학교 체육관동",세종특별자치시 연기면 연기리 397 연남초등학교,30058.0,지상,496.0,601,2023-04-25 23:21:02,I,2023-07-28 01:14:45,36,32,36.6,127,16,37.84,36.54350054599615,127.2771777590334,980056.2484,1838441.422072,세종특별자치시
17557,5690000-S202200011,2022-05-04,2023-03-31,사용중지,수왕초등학교 체육관,공공용시설,"세종특별자치시 연기면 눌왕길 8-45, 수왕초등학교",세종특별자치시 연기면 눌왕리 324 수왕초등학교  체육관동,30057.0,지상,741.0,898,2023-04-25 23:21:17,I,2023-07-28 01:14:45,36,32,39.21,127,15,8.57,36.54422483452633,127.25237929848052,977836.85986,1838527.189595,세종특별자치시
17558,5690000-S202200012,2022-05-04,,사용중,조치원농협 전동지점 지하 1층,공공용시설,"세종특별자치시 전동면 전동로 21, 조치원농협 전동지점",세종특별자치시 전동면 노장리 608-8,30011.0,지하,258.0,312,2024-11-28 11:30:56,U,2024-11-30 02:40:00,36,39,18.34,127,16,4.82,36.655095016866056,127.26800500914057,979265.122103,1850822.093492,세종특별자치시
17559,5690000-S202300001,2023-07-14,,사용중,한뜰마을1단지아파트 어진동 지하주차장1~2층,공공용시설,"세종특별자치시 갈매로 479 (어진동, 한뜰마을1단지)",세종특별자치시 어진동 554 한뜰마을1단지,30104.0,지하,22566.0,27352,2024-01-24 16:32:29,U,2024-01-26 02:40:00,36,30,24.87,127,15,56.82,36.50690824074664,127.26578388754596,979026.560383,1834384.855273,세종특별자치시
17560,5690000-S202300002,2023-07-14,,사용중,한뜰마을4단지아파트 어진동 지하주차장1~3층,공공용시설,"세종특별자치시 다솜1로 9 (어진동, 한뜰마을4단지)",세종특별자치시 어진동 520 한뜰마을4단지,30115.0,지하,43000.0,52121,2024-01-24 16:34:03,U,2024-01-26 02:40:00,36,29,59.69,127,15,21.18,36.49991436046188,127.2558832443538,978138.01588,1833611.2659,세종특별자치시
17561,5690000-S202300003,2023-07-14,,사용중,한뜰마을5단지아파트 어진동 지하주차장1~3층,공공용시설,"세종특별자치시 다솜로 7 (어진동, 한뜰마을5단지)",세종특별자치시 어진동 682 한뜰마을5단지,30122.0,지하,28493.0,34536,2024-01-24 16:34:28,U,2024-01-26 02:40:00,36,29,52.39,127,15,21.45,36.49788624034949,127.25595795093032,978144.136317,1833386.281376,세종특별자치시
17562,5690000-S202300004,2023-07-14,,사용중,한뜰마을6단지아파트 어진동 지하주차장1~3층,공공용시설,"세종특별자치시 다솜로 50 (어진동, 한뜰마을6단지)",세종특별자치시 어진동 673 한뜰마을6단지,30121.0,지하,43622.0,52875,2024-01-24 16:34:55,U,2024-01-26 02:40:00,36,29,44.12,127,15,31.48,36.49558764434764,127.25874546708044,978393.141953,1833130.682749,세종특별자치시
17563,5690000-S202300005,2023-07-14,,사용중,남양유업 세종 중앙연구소,공공용시설,"세종특별자치시 장군면 장기로 836-11, 남양유업㈜ 세종연구소 지하 1층",세종특별자치시 장군면 봉안리 160 남양유업㈜ 세종연구소 지하 1층,30055.0,지하,1061.0,1286,2024-11-28 11:29:47,U,2024-11-30 02:40:00,36,29,51.88,127,13,32.28,36.49774397881087,127.225633596667,975428.30379,1833377.808881,세종특별자치시
17564,5690000-S202300006,2023-07-17,,사용중,수루배마을7단지 아파트 지하주차장 1~2층,공공용시설,"세종특별자치시 반곡로 72 (반곡동, 수루배마을7단지)",세종특별자치시 반곡동 861 수루배마을7단지,30146.0,지하,8931.0,10825,2024-01-10 16:36:49,U,2024-01-12 02:40:00,36,29,55.54,127,18,51.09,36.49876066202538,127.31419126280434,983359.57568,1833471.639642,세종특별자치시
17565,5690000-S202300007,2023-07-17,,사용중,수루배마을8단지 아파트 지하주차장 1층,공공용시설,"세종특별자치시 시청대로 546 (반곡동, 수루배마을8단지)",세종특별자치시 반곡동 858 수루배마을8단지,30146.0,지하,26538.0,32167,2024-01-10 16:37:14,U,2024-01-12 02:40:00,36,29,53.93,127,19,2.16,36.49831359891105,127.31726691205168,983634.926998,1833421.52267,세종특별자치시
17566,5690000-S202300008,2023-07-17,,사용중,수루배마을9단지 아파트 지하주차장 1~2층,공공용시설,세종특별자치시 시청대로 547 (반곡동),세종특별자치시 반곡동 873,30146.0,지하,17703.0,21458,2024-01-10 16:37:35,U,2024-01-12 02:40:00,36,29,54.67,127,19,3.55,36.498518821291576,127.31765300834093,983669.547847,1833444.221242,세종특별자치시
17567,5690000-S202300009,2023-07-17,,사용중,새나루마을8단지 아파트 지하주차장 1층,공공용시설,"세종특별자치시 집현서로 16 (집현동, 새나루마을8단지)",세종특별자치시 집현동 0 새나루마을8단지,30141.0,지하,19517.0,23656,2024-01-25 12:38:46,U,2024-01-27 02:40:00,36,29,20.05,127,19,19.24,36.48890356183617,127.32201133949393,984057.896829,1832376.928644,세종특별자치시
17568,5690000-S202300010,2023-07-17,,사용중,새나루마을10단지 아파트 지하주차장 1층,공공용시설,"세종특별자치시 시청대로 643 (집현동, 새나루마을 10단지)",세종특별자치시 집현동 산 170-1 새나루마을 10단지,30141.0,지하,24831.0,30098,2024-01-10 16:41:38,U,2024-01-12 02:40:00,36,29,35.44,127,19,25.86,36.4931770633874,127.323850809003,984223.521432276,1832850.6592769064,세종특별자치시
17569,5690000-S202300011,2023-07-14,,사용중,나성동행정복지센터 지하주자창 1층,공공용시설,"세종특별자치시 갈매로 280, 나성동주민센터 (나성동)",세종특별자치시 나성동 850,30128.0,지하,2656.0,3219,2025-01-10 09:42:56,U,2025-01-12 02:40:00,36,29,20.75,127,15,51.53,36.488959647597376,127.26410398890503,978871.254061,1832394.290028,세종특별자치시
17570,5690000-S202300012,2023-07-14,,사용중,나릿재마을2단지아파트 지하주차장 1~2층,공공용시설,"세종특별자치시 중앙공원서로 10 (나성동, 나릿재마을2단지)",세종특별자치시 나성동 853 나릿재마을2단지,30128.0,지하,46779.0,56701,2025-01-10 10:22:48,U,2025-01-12 02:40:00,36,29,19.45,127,15,54.65,36.48873504378271,127.2651795424444,978967.528735,1832369.140754,세종특별자치시
17571,5690000-S202300013,2023-07-14,,사용중,나릿재마을5단지아파트 지하주차장 1~2층,공공용시설,"세종특별자치시 나성북1로 23 (나성동, 나릿재마을 5단지)",세종특별자치시 나성동 827 나릿재마을 5단지,30128.0,지하,42168.0,51112,2025-01-10 10:33:07,U,2025-01-12 02:40:00,36,29,31.98,127,15,26.2,36.49221779500108,127.25727691887506,978260.676136,1832757.215667,세종특별자치시
17572,5690000-S202300014,2023-07-14,,사용중,세종가로수길 지하주차장 1~2층,공공용시설,"세종특별자치시 나성로 38, 세종가로수길 (나성동)",세종특별자치시 나성동 206 세종가로수길,30129.0,지하,10317.0,12505,2025-01-10 10:34:13,U,2025-01-12 02:40:00,36,29,0.55,127,15,49.52,36.48326837191711,127.26347460358409,978813.331485,1831763.129572,세종특별자치시
17573,5690000-S202300015,2023-07-14,,사용중,삼성전기 세종사업소 기숙사,공공용시설,"세종특별자치시 연동면 삼성길 25, 삼성전기 세종사업소 기숙사",세종특별자치시 연동면 명학리 581 삼성전기 세종사업소 기숙사,30067.0,지하,1061.0,1286,2024-04-15 15:11:01,U,2024-04-17 02:40:00,36,32,23.15,127,20,6.68,36.53976420162799,127.3351890169052,985247.853369,1838016.510379,세종특별자치시
17574,5690000-S202400001,2024-11-18,,사용중,산울마을2단지 전체 동의 지하주차장 1층,공공용시설,"세종특별자치시 산울3로 45 (산울동, 산울마을2단지)",세종특별자치시 산울동 259 산울마을2단지,30091.0,지하,68485.02,83012,2025-03-10 19:02:50,U,2025-03-12 02:40:00,36,31,48.34,127,15,30.46,36.5300938608012,127.258461913903,978377.3476066416,1836958.3290476152,세종특별자치시
17575,5690000-S202400002,2024-11-18,,사용중,산울마을5단지 전체 동의 지하주차장 1층,공공용시설,"세종특별자치시 산울2로 40 (산울동, 산울마을5단지)",세종특별자치시 산울동 308-2 산울마을5단지,30091.0,지하,45790.0,55503,2025-03-10 19:03:04,U,2025-03-12 02:40:00,36,31,46.77,127,15,35.33,36.5296593005455,127.259813326378,978498.2068900388,1836909.8228281,세종특별자치시
17576,5690000-S202400003,2024-11-18,,사용중,"산울마을6단지 전체 동의 지하주차장 1,2,3층",공공용시설,"세종특별자치시 산울2로 10 (산울동, 산울마을6단지)",세종특별자치시 산울동 313-14 산울마을6단지,30091.0,지하,29246.26,35449,2025-03-10 19:03:26,U,2025-03-12 02:40:00,36,31,42.82,127,15,45.66,36.5285609469889,127.262684042173,978754.8967999924,1836787.3508235016,세종특별자치시
17577,5690000-S202400004,2024-11-18,,사용중,"산울마을7단지 전체 동의 지하주차장 2,3층",공공용시설,"세종특별자치시 산울7로 11 (산울동, 산울마을7단지)",세종특별자치시 산울동 614 산울마을7단지,30091.0,지하,55544.22,67326,2025-03-10 19:04:27,U,2025-03-12 02:40:00,36,31,53.17,127,15,54.98,36.5314367815471,127.265272773957,978987.4246768636,1837105.783789427,세종특별자치시
17578,5690000-S202400005,2024-11-18,,사용중,나릿재마을1단지아파트 지하주차창 1~2층,공공용시설,"세종특별자치시 국세청로 46 (나성동, 나릿재마을1단지)",세종특별자치시 나성동 835 나릿재마을1단지,30128.0,지하,23286.0,28225,2025-01-10 10:33:46,U,2025-01-12 02:40:00,36,29,15.97,127,15,46.11,36.4877702138182,127.2628087619,978754.9181098938,1832262.638103156,세종특별자치시
17579,5690000-S202400006,2024-11-18,,사용중,나릿재마을3단지아파트 지하주차장 1~2층,공공용시설,"세종특별자치시 국세청로 45 (나성동, 나릿재마을3단지)",세종특별자치시 나성동 833 나릿재마을3단지,30128.0,지하,48926.0,59304,2025-01-10 10:34:38,U,2025-01-12 02:40:00,36,29,17.36,127,15,46.63,36.4881558695039,127.262952718937,978767.9175257316,1832305.3848285903,세종특별자치시
17580,5690000-S202400007,2024-11-18,,사용중,나릿재마을4단지아파트 지하주차장 1~2층,공공용시설,"세종특별자치시 나성북로 47 (나성동, 나릿재마을4단지)",세종특별자치시 나성동 831 나릿재마을4단지,30128.0,지하,26798.0,32482,2025-01-10 10:35:01,U,2025-01-12 02:40:00,36,29,24.53,127,15,43.03,36.4901481366778,127.261953266798,978678.9434668728,1832526.5957584744,세종특별자치시
17581,5690000-S202400008,2024-11-18,,사용중,나릿재마을6단지아파트 지하주차장 1~2층,공공용시설,"세종특별자치시 나성북1로 51 (나성동, 나릿재마을 6단지)",세종특별자치시 나성동 829 나릿재마을 6단지,30128.0,지하,22037.0,26711,2025-01-10 10:35:30,U,2025-01-12 02:40:00,36,29,30.43,127,15,42.41,36.4917869632763,127.261780315762,978663.9022705288,1832708.4192863384,세종특별자치시
